id,facial_profile
GRZ_01,Dished
GRZ_02,Dished
GRZ_03,Dished
GRZ_04,Dished
GRZ_05,Dished
GRZ_06,Dished
GRZ_07,Dished
GRZ_08,Dished
GRZ_09,Dished
GRZ_10,Dished
GRZ_11,Dished
GRZ_12,Dished
GRZ_13,Dished
GRZ_14,Dished
GRZ_15,Dished
GRZ_16,Dished
GRZ_17,Dished
GRZ_18,Dished
GRZ_19,Dished
GRZ_20,Dished
GRZ_21,Dished
GRZ_22,Dished
GRZ_23,Dished
GRZ_24,Dished
GRZ_25,Dished
GRZ_26,Dished
GRZ_27,Dished
GRZ_28,Dished
GRZ_29,Dished
GRZ_30,Dished
GRZ_31,Dished
GRZ_32,Dished
GRZ_33,Dished
GRZ_34,Dished
GRZ_35,Dished
GRZ_36,Dished
GRZ_37,Dished
GRZ_38,Dished
GRZ_39,Dished
GRZ_40,Dished
GRZ_41,Dished
GRZ_42,Dished
GRZ_43,Dished
GRZ_44,Dished
GRZ_45,Dished
GRZ_46,Dished
GRZ_47,Dished
GRZ_48,Dished
GRZ_49,Dished
GRZ_50,Dished
KDK_01,Dished
KDK_02,Dished
KDK_03,Dished
KDK_04,Dished
KDK_05,Dished
KDK_06,Dished
KDK_07,Dished
KDK_08,Dished
KDK_09,Dished
KDK_10,Dished
KDK_11,Dished
KDK_12,Dished
KDK_13,Dished
KDK_14,Dished
KDK_15,Dished
KDK_16,Dished
KDK_17,Dished
KDK_18,Dished
KDK_19,Dished
KDK_20,Dished
KDK_21,Dished
KDK_22,Dished
KDK_23,Dished
KDK_24,Dished
KDK_25,Dished
KDK_26,Dished
KDK_27,Dished
KDK_28,Dished
KDK_29,Dished
KDK_30,Dished
KDK_31,Dished
KDK_32,Dished
KDK_33,Dished
KDK_34,Dished
KDK_35,Dished
KDK_36,Dished
KDK_37,Dished
KDK_38,Dished
KDK_39,Dished
KDK_40,Dished
KDK_41,Dished
KDK_42,Dished
KDK_43,Dished
KDK_44,Dished
KDK_45,Dished
KDK_46,Dished
KDK_47,Dished
KDK_48,Dished
KDK_49,Dished
KDK_50,Dished
EUR_01,Dished
EUR_02,Dished
EUR_03,Dished
EUR_04,Dished
EUR_05,Dished
EUR_06,Dished
EUR_07,Dished
EUR_08,Dished
EUR_09,Dished
EUR_10,Dished
EUR_11,Dished
EUR_12,Dished
EUR_13,Dished
EUR_14,Dished
EUR_15,Dished
EUR_16,Dished
EUR_17,Dished
EUR_18,Dished
EUR_19,Dished
EUR_20,Dished
EUR_21,Dished
EUR_22,Dished
EUR_23,Dished
EUR_24,Dished
EUR_25,Dished
EUR_26,Dished
EUR_27,Dished
EUR_28,Dished
EUR_29,Dished
EUR_30,Dished
EUR_31,Dished
EUR_32,Dished
EUR_33,Dished
EUR_34,Dished
EUR_35,Dished
EUR_36,Dished
EUR_37,Dished
EUR_38,Dished
EUR_39,Dished
EUR_40,Dished
EUR_41,Dished
EUR_42,Dished
EUR_43,Dished
EUR_44,Dished
EUR_45,Dished
EUR_46,Dished
EUR_47,Dished
EUR_48,Dished
EUR_49,Dished
EUR_50,Dished
ABB_01,Straight
ABB_02,Straight
ABB_03,Straight
ABB_04,Straight
ABB_05,Straight
ABB_06,Straight
ABB_07,Straight
ABB_08,Straight
ABB_09,Straight
ABB_10,Straight
ABB_11,Straight
ABB_12,Straight
ABB_13,Straight
ABB_14,Straight
ABB_15,Straight
ABB_16,Straight
ABB_17,Straight
ABB_18,Straight
ABB_19,Straight
ABB_20,Straight
ABB_21,Straight
ABB_22,Straight
ABB_23,Straight
ABB_24,Straight
ABB_25,Straight
ABB_26,Straight
ABB_27,Straight
ABB_28,Straight
ABB_29,Straight
ABB_30,Straight
ABB_31,Straight
ABB_32,Straight
ABB_33,Straight
ABB_34,Straight
ABB_35,Straight
ABB_36,Straight
ABB_37,Straight
ABB_38,Straight
ABB_39,Straight
ABB_40,Straight
ABB_41,Straight
ABB_42,Straight
ABB_43,Straight
ABB_44,Straight
ABB_45,Straight
ABB_46,Straight
ABB_47,Straight
ABB_48,Straight
ABB_49,Straight
ABB_50,Straight
